source,destination,impr,clicks,group_urls,is_basis
/dallas/allen-security-jobs,/dallas/jobs/allen-security-jobs,2,0,2,True
/jobs/allen-security-jobs,/dallas/jobs/allen-security-jobs,2,0,2,False
/jobs/arlington-event-security-jobs,/dallas/jobs/arlington-event-security,34,0,2,True
/dallas/arlington-event-security-jobs,/dallas/jobs/arlington-event-security,15,0,2,False
/jobs/bedford-security-jobs,/dallas/jobs/bedford-security-jobs,25,0,2,True
/dallas/bedford-security-jobs,/dallas/jobs/bedford-security-jobs,1,1,2,False
/dallas/carrollton-security-jobs,/dallas/jobs/carrollton-security-jobs,2,0,1,True
/jobs/cedar-hill-security-jobs,/dallas/jobs/cedar-hill-security-jobs,10,0,2,True
/dallas/cedar-hill-security-jobs,/dallas/jobs/cedar-hill-security-jobs,2,0,2,False
/jobs/airport-security-jobs-dfw,/dallas/jobs/dallas-airport-security,11,0,1,True
/jobs/dallas-armed-overnight-security,/dallas/jobs/dallas-armed-overnight-security,1,0,1,True
/jobs/armed-security-dfw,/dallas/jobs/dallas-armed-security,172,0,3,True
/dallas/dallas-armed-security,/dallas/jobs/dallas-armed-security,34,0,3,False
/jobs/dallas-armed-security,/dallas/jobs/dallas-armed-security,13,0,3,False
/dallas/att-stadium-security-jobs,/dallas/jobs/dallas-att-stadium-security,21,0,1,True
/jobs/dallas-bar-club-security,/dallas/jobs/dallas-bar-club-security,7,1,1,True
/jobs/dallas-construction-security,/dallas/jobs/dallas-construction-security,314,1,4,True
/jobs/construction-security-jobs-dfw,/dallas/jobs/dallas-construction-security,250,0,4,False
/dallas/construction-security-jobs-dfw,/dallas/jobs/dallas-construction-security,2,0,4,False
/dallas/dallas-construction-security,/dallas/jobs/dallas-construction-security,1,0,4,False
/dallas/corporate-campus-security-jobs-dfw,/dallas/jobs/dallas-corporate-campus-security,1,0,1,True
/jobs/dallas-corporate-security,/dallas/jobs/dallas-corporate-security,4,0,1,True
/dallas/data-center-security-jobs-dfw,/dallas/jobs/dallas-data-center-security,1,0,1,True
/jobs/dallas-entry-level-security-jobs,/dallas/jobs/dallas-entry-level-security,6,0,1,True
/jobs/event-security-dfw,/dallas/jobs/dallas-event-security,398,1,2,True
/jobs/dallas-event-security,/dallas/jobs/dallas-event-security,9,0,2,False
/dallas/dallas-executive-protection,/dallas/jobs/dallas-executive-protection-security,3,0,1,True
/dallas/dallas-festival-security,/dallas/jobs/dallas-festival-security,9,0,2,True
/jobs/dallas-festival-security,/dallas/jobs/dallas-festival-security,3,0,2,False
/dallas/full-time-security-jobs-dfw,/dallas/jobs/dallas-full-time-security,68,2,1,True
/jobs/dallas-government-security,/dallas/jobs/dallas-government-security,12,0,1,True
/jobs/dallas-high-value-asset-security,/dallas/jobs/dallas-high-value-asset-security,4,0,1,True
/dallas/dallas-security-jobs-hiring-immediately,/dallas/jobs/dallas-hiring-immediately-security,13,0,2,True
/jobs/dallas-security-jobs-hiring-immediately,/dallas/jobs/dallas-hiring-immediately-security,3,0,2,False
/jobs/dallas-hospital-healthcare-security,/dallas/jobs/dallas-hospital-healthcare-security,21,0,2,True
/dallas/dallas-hospital-healthcare-security,/dallas/jobs/dallas-hospital-healthcare-security,17,0,2,False
/jobs/hospital-security-jobs-dfw,/dallas/jobs/dallas-hospital-security,55,0,2,True
/jobs/dallas-hospital-security,/dallas/jobs/dallas-hospital-security,14,0,2,False
/jobs/hotel-security-jobs-dfw,/dallas/jobs/dallas-hotel-security,18,0,3,True
/jobs/dallas-hotel-security,/dallas/jobs/dallas-hotel-security,9,0,3,False
/dallas/dallas-hotel-security,/dallas/jobs/dallas-hotel-security,1,0,3,False
/dallas/dallas-industrial-security,/dallas/jobs/dallas-industrial-security,5,0,1,True
/dallas/dallas-level-2-security,/dallas/jobs/dallas-level-2-security,14,0,3,True
/jobs/level-2-security-jobs-dfw,/dallas/jobs/dallas-level-2-security,13,1,3,False
/jobs/dallas-level-2-security,/dallas/jobs/dallas-level-2-security,1,0,3,False
/jobs/dallas-level-3-security,/dallas/jobs/dallas-level-3-security,20,0,2,True
/dallas/dallas-level-3-security,/dallas/jobs/dallas-level-3-security,9,0,2,False
/jobs/loss-prevention-dfw,/dallas/jobs/dallas-loss-prevention-security,330,0,2,True
/dallas/dallas-loss-prevention,/dallas/jobs/dallas-loss-prevention-security,15,0,2,False
/jobs/dallas-mobile-patrol,/dallas/jobs/dallas-mobile-patrol-security,6,0,3,True
/dallas/mobile-patrol-security-jobs-dfw,/dallas/jobs/dallas-mobile-patrol-security,3,0,3,False
/dallas/dallas-mobile-patrol,/dallas/jobs/dallas-mobile-patrol-security,1,0,3,False
/dallas/night-shift-security-jobs-dfw,/dallas/jobs/dallas-night-shift-security,111,10,1,True
/jobs/dallas-no-experience-security-jobs,/dallas/jobs/dallas-no-experience-security,265,2,3,True
/jobs/no-experience-security-jobs-dfw,/dallas/jobs/dallas-no-experience-security,55,0,3,False
/dallas/dallas-no-experience-security-jobs,/dallas/jobs/dallas-no-experience-security,7,0,3,False
/dallas/dallas-office-building-security,/dallas/jobs/dallas-office-building-security,27,0,2,True
/jobs/dallas-office-building-security,/dallas/jobs/dallas-office-building-security,1,0,2,False
/jobs/security-officer-jobs-dallas,/dallas/jobs/dallas-officer-security,109,1,2,True
/dallas/security-officer-jobs-dallas,/dallas/jobs/dallas-officer-security,18,0,2,False
/jobs/overnight-security-dfw,/dallas/jobs/dallas-overnight-security,157,0,2,True
/jobs/dallas-overnight-security,/dallas/jobs/dallas-overnight-security,8,0,2,False
/jobs/dallas-parking-security,/dallas/jobs/dallas-parking-security,1,0,1,True
/dallas/dallas-part-time-security,/dallas/jobs/dallas-part-time-security,1,0,1,True
/dallas/dallas-private-event-security,/dallas/jobs/dallas-private-event-security,11,0,1,True
/jobs/dallas-retail-security,/dallas/jobs/dallas-retail-security,26,0,3,True
/dallas/retail-security-jobs-dfw,/dallas/jobs/dallas-retail-security,4,0,3,False
/dallas/dallas-retail-security,/dallas/jobs/dallas-retail-security,1,0,3,False
/dallas/dallas-school-security,/dallas/jobs/dallas-school-security,8,0,3,True
/jobs/dallas-school-security,/dallas/jobs/dallas-school-security,5,0,3,False
/dallas/school-security-jobs-dfw,/dallas/jobs/dallas-school-security,4,0,3,False
/dallas,/dallas/jobs/dallas-security-jobs,17,0,1,True
/dallas/dallas-sporting-event-security,/dallas/jobs/dallas-sporting-event-security,18,0,2,True
/jobs/dallas-sporting-event-security,/dallas/jobs/dallas-sporting-event-security,3,0,2,False
/jobs/dallas-surveillance-security,/dallas/jobs/dallas-surveillance-security,2,0,2,True
/dallas/dallas-surveillance-security,/dallas/jobs/dallas-surveillance-security,1,0,2,False
/jobs/tsa-airport-security-dfw,/dallas/jobs/dallas-tsa-airport-security,133,0,2,True
/dallas/tsa-airport-security-dfw,/dallas/jobs/dallas-tsa-airport-security,7,0,2,False
/jobs/unarmed-security-dfw,/dallas/jobs/dallas-unarmed-security,269,0,4,True
/dallas/unarmed-security-dfw,/dallas/jobs/dallas-unarmed-security,14,0,4,False
/dallas/dallas-unarmed-security,/dallas/jobs/dallas-unarmed-security,7,0,4,False
/jobs/dallas-unarmed-security,/dallas/jobs/dallas-unarmed-security,5,0,4,False
/dallas/dallas-university-security,/dallas/jobs/dallas-university-security,1,0,1,True
/jobs/dallas-venue-security,/dallas/jobs/dallas-venue-security,3,0,1,True
/dallas/warehouse-security-jobs-dfw,/dallas/jobs/dallas-warehouse-security,145,0,4,True
/jobs/dallas-warehouse-security,/dallas/jobs/dallas-warehouse-security,58,0,4,False
/jobs/warehouse-security-jobs-dfw,/dallas/jobs/dallas-warehouse-security,47,0,4,False
/dallas/dallas-warehouse-security,/dallas/jobs/dallas-warehouse-security,5,0,4,False
/dallas/dallas-weekend-security-jobs,/dallas/jobs/dallas-weekend-security,7,0,2,True
/jobs/dallas-weekend-security-jobs,/dallas/jobs/dallas-weekend-security,1,0,2,False
/dallas/denton-security-jobs,/dallas/jobs/denton-security-jobs,35,0,2,True
/jobs/denton-security-jobs,/dallas/jobs/denton-security-jobs,2,0,2,False
/dallas/design-district-dallas-security,/dallas/jobs/design-district-security-jobs,2,0,1,True
/dallas/downtown-dallas-security,/dallas/jobs/downtown-dallas-security-jobs,2,0,2,True
/jobs/downtown-dallas-security,/dallas/jobs/downtown-dallas-security-jobs,2,0,2,False
/jobs/euless-security-jobs,/dallas/jobs/euless-security-jobs,112,5,2,True
/dallas/euless-security-jobs,/dallas/jobs/euless-security-jobs,15,0,2,False
/jobs/forney-security-jobs,/dallas/jobs/forney-security-jobs,41,2,2,True
/dallas/forney-security-jobs,/dallas/jobs/forney-security-jobs,15,0,2,False
/dallas/fort-worth-armed-security,/dallas/jobs/fort-worth-armed-security,32,0,2,True
/jobs/fort-worth-armed-security,/dallas/jobs/fort-worth-armed-security,13,0,2,False
/dallas/fort-worth-event-security,/dallas/jobs/fort-worth-event-security,11,1,2,True
/jobs/fort-worth-event-security,/dallas/jobs/fort-worth-event-security,1,0,2,False
/dallas/fort-worth-hospital-security,/dallas/jobs/fort-worth-hospital-security,13,0,1,True
/dallas/fort-worth-loss-prevention,/dallas/jobs/fort-worth-loss-prevention-security,10,0,1,True
/jobs/fort-worth-no-experience-security,/dallas/jobs/fort-worth-no-experience-security,6,0,1,True
/jobs/fort-worth-overnight-security-jobs,/dallas/jobs/fort-worth-overnight-security,2,0,1,True
/dallas/security-jobs-fort-worth,/dallas/jobs/fort-worth-security-jobs,50,0,2,True
/jobs/security-jobs-fort-worth,/dallas/jobs/fort-worth-security-jobs,1,0,2,False
/dallas/fort-worth-unarmed-security,/dallas/jobs/fort-worth-unarmed-security,2,0,1,True
/dallas/frisco-unarmed-security-jobs,/dallas/jobs/frisco-unarmed-security,36,0,2,True
/jobs/frisco-unarmed-security-jobs,/dallas/jobs/frisco-unarmed-security,2,0,2,False
/dallas/garland-security-jobs,/dallas/jobs/garland-security-jobs,20,0,1,True
/dallas/grand-prairie-overnight-security-jobs,/dallas/jobs/grand-prairie-overnight-security,5,0,1,True
/jobs/grapevine-security-jobs,/dallas/jobs/grapevine-security-jobs,78,2,2,True
/dallas/grapevine-security-jobs,/dallas/jobs/grapevine-security-jobs,15,0,2,False
/jobs/irving-overnight-security-jobs,/dallas/jobs/irving-overnight-security,78,0,2,True
/dallas/irving-overnight-security-jobs,/dallas/jobs/irving-overnight-security,6,0,2,False
/jobs/irving-unarmed-security,/dallas/jobs/irving-unarmed-security,3,0,2,True
/dallas/irving-unarmed-security,/dallas/jobs/irving-unarmed-security,1,0,2,False
/dallas/lancaster-security-jobs,/dallas/jobs/lancaster-security-jobs,12,0,1,True
/dallas/lewisville-security-jobs,/dallas/jobs/lewisville-security-jobs,15,0,1,True
/jobs/mansfield-security-jobs,/dallas/jobs/mansfield-security-jobs,69,2,2,True
/dallas/mansfield-security-jobs,/dallas/jobs/mansfield-security-jobs,44,1,2,False
/dallas/mckinney-security-jobs,/dallas/jobs/mckinney-security-jobs,16,0,1,True
/jobs/medical-district-dallas-security,/dallas/jobs/medical-district-security-jobs,1,0,2,True
/dallas/medical-district-dallas-security,/dallas/jobs/medical-district-security-jobs,1,0,2,False
/dallas/mesquite-security-jobs,/dallas/jobs/mesquite-security-jobs,13,0,1,True
/jobs/midlothian-security-jobs,/dallas/jobs/midlothian-security-jobs,14,0,2,True
/dallas/midlothian-security-jobs,/dallas/jobs/midlothian-security-jobs,4,0,2,False
/jobs/north-richland-hills-security-jobs,/dallas/jobs/north-richland-hills-security-jobs,9,0,2,True
/dallas/north-richland-hills-security-jobs,/dallas/jobs/north-richland-hills-security-jobs,4,0,2,False
/jobs/plano-unarmed-security-jobs,/dallas/jobs/plano-unarmed-security,58,0,2,True
/dallas/plano-unarmed-security-jobs,/dallas/jobs/plano-unarmed-security,9,0,2,False
/dallas/richardson-security-jobs,/dallas/jobs/richardson-security-jobs,6,0,2,True
/jobs/richardson-security-jobs,/dallas/jobs/richardson-security-jobs,1,0,2,False
/jobs/rockwall-security-jobs,/dallas/jobs/rockwall-security-jobs,35,3,2,True
/dallas/rockwall-security-jobs,/dallas/jobs/rockwall-security-jobs,7,0,2,False
/dallas/rowlett-security-jobs,/dallas/jobs/rowlett-security-jobs,2,1,2,True
/jobs/rowlett-security-jobs,/dallas/jobs/rowlett-security-jobs,1,0,2,False
/dallas/uptown-dallas-security,/dallas/jobs/uptown-dallas-security-jobs,1,0,1,True
