url,inbound,outbound,reachable,orphan
/,235,68,True,False
/about,9,5,True,False
/austin,221,21,True,False
/austin/jobs/armed-security-austin,14,21,True,False
/austin/jobs/cedar-park-security-jobs,16,19,True,False
/austin/jobs/event-security-austin,14,21,True,False
/austin/jobs/full-time-security-austin,12,20,True,False
/austin/jobs/georgetown-security-jobs,16,19,True,False
/austin/jobs/no-experience-security-austin,12,21,True,False
/austin/jobs/overnight-security-austin,14,21,True,False
/austin/jobs/round-rock-security-jobs,16,19,True,False
/austin/jobs/student-security-jobs-austin,12,20,True,False
/austin/jobs/tech-campus-security-austin,14,20,True,False
/austin/jobs/unarmed-security-austin,14,20,True,False
/austin/jobs/university-security-austin,14,21,True,False
/austin/security-jobs-austin,1,18,True,False
/dallas,125,111,True,False
/dallas/airport-security-jobs-dfw,4,33,True,False
/dallas/allen-security-jobs,4,32,True,False
/dallas/arlington-event-security-jobs,110,31,True,False
/dallas/arlington-overnight-security,1,31,True,False
/dallas/armed-security-dfw,123,30,True,False
/dallas/armed-security-jobs,1,25,True,False
/dallas/armed-security-vs-police-dallas,1,20,True,False
/dallas/att-stadium-security-jobs,4,35,True,False
/dallas/bedford-security-jobs,5,34,True,False
/dallas/carrollton-security-jobs,5,33,True,False
/dallas/cedar-hill-security-jobs,7,32,True,False
/dallas/construction-security-jobs-dfw,3,32,True,False
/dallas/corporate-campus-security-jobs-dfw,3,35,True,False
/dallas/dallas-airport-security,6,32,True,False
/dallas/dallas-armed-overnight-security,4,32,True,False
/dallas/dallas-armed-security,14,32,True,False
/dallas/dallas-bar-club-security,4,32,True,False
/dallas/dallas-construction-security,107,31,True,False
/dallas/dallas-corporate-security,6,31,True,False
/dallas/dallas-entry-level-security-jobs,4,32,True,False
/dallas/dallas-event-security,10,31,True,False
/dallas/dallas-executive-protection,6,32,True,False
/dallas/dallas-festival-security,6,32,True,False
/dallas/dallas-government-security,9,31,True,False
/dallas/dallas-high-value-asset-security,3,32,True,False
/dallas/dallas-hospital-healthcare-security,7,31,True,False
/dallas/dallas-hotel-security,9,32,True,False
/dallas/dallas-industrial-security,5,32,True,False
/dallas/dallas-level-2-security,4,32,True,False
/dallas/dallas-level-3-security,4,32,True,False
/dallas/dallas-loss-prevention,7,32,True,False
/dallas/dallas-mobile-patrol,6,32,True,False
/dallas/dallas-no-experience-security-jobs,6,32,True,False
/dallas/dallas-office-building-security,5,31,True,False
/dallas/dallas-overnight-security,25,32,True,False
/dallas/dallas-parking-security,2,31,True,False
/dallas/dallas-parks-public-spaces-security,2,32,True,False
/dallas/dallas-part-time-security,6,32,True,False
/dallas/dallas-private-event-security,4,32,True,False
/dallas/dallas-residential-security,4,32,True,False
/dallas/dallas-retail-security,4,32,True,False
/dallas/dallas-school-security,4,32,True,False
/dallas/dallas-security-jobs-guide,113,62,True,False
/dallas/dallas-security-jobs-hiring-immediately,2,32,True,False
/dallas/dallas-sporting-event-security,6,31,True,False
/dallas/dallas-surveillance-security,4,32,True,False
/dallas/dallas-theme-park-security,3,31,True,False
/dallas/dallas-unarmed-security,11,32,True,False
/dallas/dallas-university-security,4,32,True,False
/dallas/dallas-venue-security,4,38,True,False
/dallas/dallas-warehouse-security,7,32,True,False
/dallas/dallas-weekend-security-jobs,4,32,True,False
/dallas/data-center-security-jobs-dfw,10,33,True,False
/dallas/deep-ellum-security,6,32,True,False
/dallas/denton-security-jobs,108,33,True,False
/dallas/design-district-dallas-security,4,31,True,False
/dallas/desoto-security-jobs,6,34,True,False
/dallas/downtown-dallas-security,109,31,True,False
/dallas/duncanville-security-jobs,5,34,True,False
/dallas/entry-level-security-jobs-dfw,7,33,True,False
/dallas/euless-security-jobs,5,35,True,False
/dallas/event-security-dfw,120,32,True,False
/dallas/forney-security-jobs,4,34,True,False
/dallas/fort-worth-armed-security,5,32,True,False
/dallas/fort-worth-event-security,3,31,True,False
/dallas/fort-worth-hospital-security,3,32,True,False
/dallas/fort-worth-loss-prevention,2,32,True,False
/dallas/fort-worth-no-experience-security,3,32,True,False
/dallas/fort-worth-overnight-security-jobs,12,32,True,False
/dallas/fort-worth-unarmed-security,106,31,True,False
/dallas/frisco-unarmed-security-jobs,108,30,True,False
/dallas/full-time-security-jobs-dfw,15,33,True,False
/dallas/garland-security-jobs,108,31,True,False
/dallas/grand-prairie-overnight-security-jobs,12,31,True,False
/dallas/grapevine-security-jobs,108,36,True,False
/dallas/hidden-perks-security-jobs-dallas,1,20,True,False
/dallas/hospital-security-jobs-dfw,115,32,True,False
/dallas/hotel-security-jobs-dfw,1,33,True,False
/dallas/how-to-hire-event-security-dfw,1,20,True,False
/dallas/how-to-hire-security-dallas,1,9,True,False
/dallas/irving-overnight-security-jobs,7,32,True,False
/dallas/irving-unarmed-security,108,30,True,False
/dallas/job-board,1,7,True,False
/dallas/job-description/dfw/2026-06-22-healthcare-security-officer-dallas,0,5,False,True
/dallas/job-description/dfw/apply/2026-06-22-healthcare-security-officer-apply,1,1,False,False
/dallas/jobs-for-introverts-dallas,1,9,True,False
/dallas/lancaster-security-jobs,5,35,True,False
/dallas/level-2-security-jobs-dfw,3,34,True,False
/dallas/level-3-security-jobs-dfw,7,34,True,False
/dallas/lewisville-security-jobs,5,31,True,False
/dallas/loss-prevention-dfw,117,32,True,False
/dallas/mansfield-security-jobs,108,34,True,False
/dallas/mckinney-security-jobs,108,30,True,False
/dallas/medical-district-dallas-security,5,32,True,False
/dallas/mesquite-security-jobs,7,32,True,False
/dallas/midlothian-security-jobs,3,35,True,False
/dallas/mobile-patrol-security-jobs-dfw,109,32,True,False
/dallas/night-shift-security-jobs-dfw,5,34,True,False
/dallas/no-experience-security-jobs-dfw,19,32,True,False
/dallas/north-richland-hills-security-jobs,4,31,True,False
/dallas/overnight-security-dfw,123,31,True,False
/dallas/part-time-security-jobs-dfw,6,33,True,False
/dallas/plano-overnight-security,2,31,True,False
/dallas/plano-unarmed-security-jobs,108,30,True,False
/dallas/retail-security-jobs-dfw,5,35,True,False
/dallas/richardson-security-jobs,4,32,True,False
/dallas/rockwall-security-jobs,4,35,True,False
/dallas/rowlett-security-jobs,3,31,True,False
/dallas/school-security-jobs-dfw,3,35,True,False
/dallas/security-jobs-fort-worth,3,32,True,False
/dallas/security-officer-jobs-dallas,10,32,True,False
/dallas/security-training-schools-dfw,4,12,True,False
/dallas/tsa-airport-security-dfw,118,32,True,False
/dallas/unarmed-security-dfw,124,31,True,False
/dallas/uptown-dallas-security,6,31,True,False
/dallas/warehouse-security-jobs-dfw,12,32,True,False
/dashboard,0,2,False,True
/employers-tx,8,12,True,False
/houston,223,37,True,False
/houston/how-to-hire-security-houston,0,16,False,True
/houston/jobs/armed-security-houston,66,35,True,False
/houston/jobs/baytown-security-jobs,63,34,True,False
/houston/jobs/conroe-security-jobs,63,35,True,False
/houston/jobs/construction-security-houston,3,36,True,False
/houston/jobs/corporate-campus-security-houston,6,37,True,False
/houston/jobs/data-center-security-houston,1,37,True,False
/houston/jobs/downtown-houston-security,63,37,True,False
/houston/jobs/event-security-houston,66,35,True,False
/houston/jobs/friendswood-security-jobs,63,35,True,False
/houston/jobs/full-time-security-houston,61,35,True,False
/houston/jobs/galleria-houston-security-jobs,63,35,True,False
/houston/jobs/heights-houston-security-jobs,3,38,True,False
/houston/jobs/hospital-security-houston,62,37,True,False
/houston/jobs/hotel-security-houston,5,36,True,False
/houston/jobs/houston-airport-security,2,36,True,False
/houston/jobs/houston-armed-overnight-security,2,36,True,False
/houston/jobs/houston-bar-club-security,5,36,True,False
/houston/jobs/houston-construction-security,0,36,False,True
/houston/jobs/houston-corporate-security,5,38,True,False
/houston/jobs/houston-entry-level-security-jobs,3,38,True,False
/houston/jobs/houston-executive-protection,1,39,False,False
/houston/jobs/houston-festival-security,3,38,True,False
/houston/jobs/houston-high-value-asset-security,1,37,False,False
/houston/jobs/houston-hospital-security,0,38,False,True
/houston/jobs/houston-level-2-security,4,36,True,False
/houston/jobs/houston-level-3-security,5,35,True,False
/houston/jobs/houston-night-shift-security,0,37,False,True
/houston/jobs/houston-no-experience-security,1,39,False,False
/houston/jobs/houston-office-building-security,4,37,True,False
/houston/jobs/houston-part-time-security,2,38,True,False
/houston/jobs/houston-private-event-security,0,39,False,True
/houston/jobs/houston-residential-security,17,37,True,False
/houston/jobs/houston-retail-security,2,37,True,False
/houston/jobs/houston-school-security,5,38,True,False
/houston/jobs/houston-sporting-event-security,4,37,True,False
/houston/jobs/houston-surveillance-security,2,37,True,False
/houston/jobs/houston-theme-park-security,0,37,False,True
/houston/jobs/houston-university-security,3,36,True,False
/houston/jobs/houston-venue-security,9,38,True,False
/houston/jobs/houston-weekend-security-jobs,1,38,True,False
/houston/jobs/humble-security-jobs,63,35,True,False
/houston/jobs/industrial-security-houston,61,36,True,False
/houston/jobs/katy-security-jobs,65,36,True,False
/houston/jobs/league-city-security-jobs,63,36,True,False
/houston/jobs/loss-prevention-houston,63,35,True,False
/houston/jobs/medical-center-houston-security-jobs,63,35,True,False
/houston/jobs/midtown-houston-security-jobs,63,37,True,False
/houston/jobs/missouri-city-security-jobs,63,34,True,False
/houston/jobs/mobile-patrol-houston,62,36,True,False
/houston/jobs/montrose-houston-security-jobs,5,37,True,False
/houston/jobs/overnight-security-houston,66,35,True,False
/houston/jobs/pasadena-security-jobs,63,34,True,False
/houston/jobs/pearland-security-jobs,63,34,True,False
/houston/jobs/richmond-security-jobs,63,35,True,False
/houston/jobs/security-officer-jobs-houston,15,34,True,False
/houston/jobs/security-training-schools-houston,1,38,False,False
/houston/jobs/sugar-land-security-jobs,65,34,True,False
/houston/jobs/the-woodlands-security-jobs,65,35,True,False
/houston/jobs/tsa-airport-security-houston,63,35,True,False
/houston/jobs/unarmed-security-houston,64,34,True,False
/houston/jobs/warehouse-security-houston,8,36,True,False
/how-to-hire-security-houston,1,16,True,False
/job-board,15,15,True,False
/login,3,2,True,False
/register,1,3,True,False
/register-access,0,2,False,True
/san-antonio,221,23,True,False
/san-antonio/jobs/airport-security-san-antonio,23,24,True,False
/san-antonio/jobs/armed-security-san-antonio,27,24,True,False
/san-antonio/jobs/construction-security-san-antonio,25,25,True,False
/san-antonio/jobs/entry-level-security-san-antonio,4,27,True,False
/san-antonio/jobs/event-security-san-antonio,27,24,True,False
/san-antonio/jobs/full-time-security-san-antonio,5,24,True,False
/san-antonio/jobs/hospital-security-san-antonio,25,24,True,False
/san-antonio/jobs/hotel-security-san-antonio,25,24,True,False
/san-antonio/jobs/loss-prevention-san-antonio,27,24,True,False
/san-antonio/jobs/military-base-security-san-antonio,27,24,True,False
/san-antonio/jobs/mobile-patrol-san-antonio,25,24,True,False
/san-antonio/jobs/no-experience-security-san-antonio,7,27,True,False
/san-antonio/jobs/overnight-security-san-antonio,27,24,True,False
/san-antonio/jobs/part-time-security-san-antonio,2,26,False,False
/san-antonio/jobs/residential-security-san-antonio,2,23,False,False
/san-antonio/jobs/retail-security-san-antonio,25,23,True,False
/san-antonio/jobs/river-walk-security-jobs-san-antonio,27,22,True,False
/san-antonio/jobs/school-security-san-antonio,2,24,False,False
/san-antonio/jobs/security-training-schools-san-antonio,6,25,True,False
/san-antonio/jobs/tsa-airport-security-san-antonio,27,24,True,False
/san-antonio/jobs/unarmed-security-san-antonio,26,23,True,False
/san-antonio/jobs/university-security-san-antonio,26,24,True,False
/san-antonio/jobs/warehouse-security-san-antonio,4,24,True,False
/san-antonio/security-jobs-san-antonio,0,31,False,True
/security-jobs-austin,0,18,False,True
/security-jobs-san-antonio,0,31,False,True
/terms,0,9,False,True
/texas,1,68,True,False
/texas/how-to-become-a-security-guard-in-texas,222,24,True,False
/texas/security-guard-salary-texas,222,22,True,False
/texas/security-jobs-for-veterans-texas,221,23,True,False
/texas/texas-security-license-requirements,227,18,True,False
